model_name,fps,cpu_percent,ram_mb
ONNX,42.49012710095107,885.1509999999997,0.3546484375
OpenVINO,54.406898971310795,725.5489999999996,0.00078125
